{
  "baseline": {
    "strategy": "baseline",
    "dp_gap": 0.027064897869451217,
    "rmse_gap": 0.024257098370441543,
    "overall_rmse": 0.9741292075334037,
    "ndcg": 0.9235807459276206
  },
  "strategies": [
    {
      "strategy": "pre_processing_oversampling",
      "dp_gap": 0.09060173848303216,
      "rmse_gap": 0.08975231438657472,
      "overall_rmse": 0.9392436465342751,
      "ndcg": 0.9391296096555065
    },
    {
      "strategy": "in_processing_neighbourhood",
      "dp_gap": 0.017052980132450324,
      "rmse_gap": 0.004883116525845166,
      "overall_rmse": 1.1873802276345236,
      "ndcg": 0.9235807459276206
    },
    {
      "strategy": "post_processing_reranking",
      "dp_gap": 0.027064897869451217,
      "rmse_gap": 0.024257098370441543,
      "overall_rmse": 0.9741292075334037,
      "ndcg": 0.9182562407184139
    }
  ]
}