{
  "window_labels": [
    "W1",
    "W2",
    "W3",
    "W4"
  ],
  "temporal_bias_by_stage": {
    "S1: Input": [
      0.18339634799986515,
      0.1672380058874583,
      0.1821723422780458,
      0.18019061934423963
    ],
    "S2: Similarity": [
      0.32392348468740606,
      0.4048606075736437,
      0.32881585260531615,
      0.3360214432428101
    ],
    "S3: Top-Similar": [
      0.04126536951298132,
      0.006789068960399214,
      0.03293533307362673,
      0.020832968429700283
    ],
    "S4: Neighbourhood": [
      0.06891710606451323,
      0.03603442165165616,
      0.07235477458595768,
      0.0772515485923903
    ],
    "S5: Prediction": [
      0.03563136931656197,
      0.02817762854993211,
      0.02950652749450844,
      0.03259895199872731
    ],
    "S6: Ranking": [
      0.027049350459077654,
      0.031103736338122686,
      0.028968856709391096,
      0.026631951040805804
    ]
  },
  "amplification_slopes": {
    "S1: Input": {
      "slope": 0.0005317150423710948,
      "r_squared": 0.008469785016595411,
      "p_value": 0.9079685650628253
    },
    "S2: Similarity": {
      "slope": -0.003975087930211551,
      "r_squared": 0.018273056900115867,
      "p_value": 0.8648221286596217
    },
    "S3: Top-Similar": {
      "slope": -0.00351509391366156,
      "r_squared": 0.09142980957209097,
      "p_value": 0.6976263742121496
    },
    "S4: Neighbourhood": {
      "slope": 0.0061323680517932746,
      "r_squared": 0.17888213070409226,
      "p_value": 0.5770554046874552
    },
    "S5: Prediction": {
      "slope": -0.0007768353008927642,
      "r_squared": 0.09064923842129684,
      "p_value": 0.6989198803951067
    },
    "S6: Ranking": {
      "slope": -0.000338707788354714,
      "r_squared": 0.045604183691379016,
      "p_value": 0.7864486392190886
    }
  }
}